                  epoch,         train/box_loss,         train/cls_loss,         train/dfl_loss,   metrics/precision(B),      metrics/recall(B),       metrics/mAP50(B),    metrics/mAP50-95(B),           val/box_loss,           val/cls_loss,           val/dfl_loss,                 lr/pg0,                 lr/pg1,                 lr/pg2
                      1,                 1.0956,                 1.3647,                 1.2022,                 0.6471,                0.51789,                 0.5945,                 0.4409,                 1.0961,                 1.1488,                 1.1362,               8.33e-06,               8.33e-06,               8.33e-06
                      2,                 1.2155,                 1.4409,                 1.2675,                0.66308,                0.54152,                0.61835,                0.45839,                 1.0844,                 1.1027,                 1.1285,             1.4316e-05,             1.4316e-05,             1.4316e-05
                      3,                 1.1882,                 1.3317,                 1.2388,                0.66537,                0.56082,                 0.6302,                0.47029,                 1.0721,                 1.0807,                 1.1192,             1.6531e-05,             1.6531e-05,             1.6531e-05
                      4,                 1.1519,                  1.321,                 1.2449,                0.64266,                0.60388,                0.64883,                0.48184,                 1.0654,                 1.0619,                 1.1146,             1.4977e-05,             1.4977e-05,             1.4977e-05
                      5,                 1.2315,                 1.3748,                 1.2444,                0.66068,                0.60414,                0.65865,                0.48828,                 1.0592,                  1.048,                 1.1103,             9.6533e-06,             9.6533e-06,             9.6533e-06
